,65인치 TV 상품명/가격
필립스 65인치 사운드바 무상증정 65PUN7986 165cm 4K UHD 구글 안드로이드 스마트 TV 엠비라이트 베젤리스 벽걸이 겸용 티비 돌비비전 돌비애트모스 HDR10 스탠드자가설치,"(￦669,000)"
필립스 65PUN7645 165cm 65인치 4K UHD LED TV 베젤리스 벽걸이 겸용 대형 티비 2년보증 스탠드 자가설치,"(￦569,000)"
삼성전자 UHD 비지니스 TV LH55BEAHLGFXKR HDR10+  55인치 4K HDR TV 스탠드 벽걸이,"(￦719,000)"
★로그인시3%할인+카드혜택★23년 신형! 4K UHD TV 더함 43인치(109cm) 치크 UA431QLED 구글 안드로이드  스마트 TV,"(￦349,000)"
삼성전자 UHD 비지니스 TV LH50BEAHLGFXKR HDR10+  50인치 크리스탈 4K,"(￦599,000)"
POL55U 55인치 139cm UHD TV / 초대형 4K 게이밍모니터TV / 중소기업 벽걸이 가능 / 에너지효율 1등급,"(￦329,000)"
삼성전자 UHD 비지니스 TV LH43BEAHLGFXKR HDR10+  43인치 1등급 WiFi 크리스탈 4K,"(￦503,000)"
삼성전자 UHD 비지니스 TV LH75BEAHLGFXKR HDR10+  75인치 크리스탈 4K,"(￦1,427,000)"
대기업 삼성패널 중소기업 스마트 TV 32인치 40인치 43인치 50인치 55인치 65인치 75인치 넷플릭스 유튜브 IPTV WIFI 무선 티비,"(￦199,000)"
POL75U 75인치 191cm UHD TV / 전문기사 무상설치 / 초대형 중소기업 4K 게이밍모니터TV / 벽걸이가능 교회 강당 회의실 전시장설치,"(￦799,000)"
[택배배송] 아남 32형 HD TV / CST-320IM (80cm),"(￦143,040)"
★로그인시3%할인+카드혜택★2023년 신형! 4K UHD TV 더함 43인치(109cm) 치크 UA431QLED 구글 안드로이드  스마트 TV,"(￦349,000)"
[E] 인증 위니아 65형 UHD LED TV WV65BU4000 기본배송,"(￦600,000)"
대기업 삼성패널 중소기업 TV 32인치 40인치 43인치 50인치 55인치 65인치 75인치 86인치 LED IPTV  스탠드형 벽걸이 가능 방문설치,"(￦129,000)"
SL43F 43인치 109cm LED TV / 모니터 중소기업TV / 에너지1등급 벽걸이가능,"(￦179,000)"
삼성패널 중소기업 스마트티비 50인치 UHD 4K TV 127cm LED 스탠드형 벽걸이 가능 자가 설치 방문 설치 넷플릭스 유튜브,"(￦369,000)"
POL43F 43인치 109cm LED TV / 무결점 모니터 중소기업TV / 에너지1등급 벽걸이가능,"(￦188,000)"
"와사비망고 81cm HDTV WM 320 HD 스마트TV AI 와글와글 (32인치, 스마트TV)","(￦173,999)"
[택배배송] 아남 40형 FULL HD TV / CST-401IM / 101cm,"(￦277,440)"
★로그인시3%할인+카드혜택★2023년 신형! 4K UHD TV 더함 50인치(127cm) 치크 UA501UHD 구글 안드로이드  스마트 TV,"(￦355,000)"
★로그인시3%할인+카드혜택★2023년 신형! 4K UHD TV 더함 55인치(139cm) 치크 UA551QLED 구글 안드로이드  스마트 TV,"(￦449,000)"
★로그인시3%할인+카드혜택★2023년 신형! 4K UHD TV 더함 55인치(139cm) 치크 UA551UHD 구글 안드로이드  스마트 TV,"(￦399,000)"
★로그인시3%할인+카드혜택★23년 신형! 4K UHD TV 더함 50인치(127cm) 치크 UA501QLED 구글 안드로이드  스마트TV,"(￦429,000)"
★로그인시3%할인+카드혜택★2023년 신형! 4K UHD TV 더함 85인치(215cm) 치크 UA851QLED 구글 안드로이드  스마트 TV,"(￦1,999,000)"
50PUN7625 50인치 127cm UHD TV / 베젤리스 디자인 4K 대형 게이밍모니터 겸용 벽걸이가능 / HDR10 돌비사운드,"(￦339,000)"
★로그인시3%할인+카드혜택★23년 신형! 4K UHD TV 더함 85인치(215cm) 치크 UA851UHD 구글 안드로이드  스마트TV,"(￦1,699,000)"
와사비망고 108cm UHDTV ZEN U430 UHD TV Max HDR (43인치),"(￦239,001)"
★로그인시3%할인+카드혜택★2023년 신형! 4K UHD TV 더함 75인치(190cm) 치크 UA751UHD 구글 안드로이드  스마트 TV,"(￦849,000)"
SA75G 75인치 191cm 스마트 UHD TV / 전문기사 무상설치 / 구글 안드로이드 초대형 4K 게이밍모니터TV / 중소기업 벽걸이 가능 / 넷플릭스 유튜브,"(￦878,000)"
★로그인시3%할인+카드혜택★2023년 신형! 4K UHD TV 더함 65인치(165cm) 치크 UA651QLED 구글 안드로이드  스마트 TV,"(￦639,000)"
★로그인시3%할인+카드혜택★23년 신형! 4K UHD TV 더함 55인치(139cm) 치크 UA551QLED 구글 안드로이드  스마트 TV,"(￦449,000)"
삼성전자 크리스탈 UHD TV 4K LH65BEAHLGFXKR HDR10 TIZEN WiFi 블루투스 유튜브 웹탐색 안드로이드 미러링,"(￦999,000)"
삼성패널 중소기업 50인치 UHD 4K TV 127cm LED TV 스탠드형 벽걸이 가능 자가 설치 방문 설치,"(￦319,000)"
★로그인시3%할인+카드혜택★2023년 신형! 4K UHD TV 더함 50인치(127cm) 치크 UA501QLED 구글 안드로이드  스마트 TV,"(￦419,000)"
★로그인시3%할인+카드혜택★2023년형! 더함 65인치 노바 NA652UHD IPS LG패널 / 165cm / 에너지1등급 / 안드로이드 OS11 / 스마트TV,"(￦519,000)"
★카드혜택★ [23년형]프리즘 바이런 65인치 4K HDR 베젤리스TV 무결점 패널 2년 보증 / BR650UHD [설치옵션 선택가능],"(￦429,000)"
[GIFT] 유맥스 베스트상품 특집,"(￦109,000)"
2023년형 신제품 5년무상AS 이스트라 쿠카 UC65QLED 퀀텀닷 차세대 안드로이드 스마트TV 가성비 중소기업TV,"(￦739,000)"
UHD65L 165cm(65인치) 4K UHD TV 중소기업 유일 LG패널 적용 대형 모델 2년보증 3일완료출장AS!! / 게이밍 모니터 벽걸이 지원 tv,"(￦459,000)"
★로그인시3%할인+카드혜택★[본사직영]23년형 더함 65인치 (164cm) 퀀텀닷 구글 안드로이드 스마트 TV UA651QLED,"(￦639,000)"
필립스 65인치 사운드바 무상증정 65PUN7986 165cm 4K UHD 구글 안드로이드 스마트 TV 엠비라이트 베젤리스 벽걸이 겸용 티비 돌비비전 돌비애트모스 HDR10 스탠드자가설치,"(￦669,000)"
삼성전자 크리스탈 UHD TV 4K LH65BEAHLGFXKR HDR10 TIZEN WiFi 블루투스 유튜브 웹탐색 안드로이드 미러링,"(￦999,000)"
2023년형 신제품 5년무상AS 이스트라 쿠카 65인치  UC651UHD 차세대 안드로이드 스마트TV 가성비 중소기업TV,"(￦629,000)"
★카드할인★ 프리즘 바이런 65인치 4K 구글 안드로이드11 스마트TV / ABC65G[설치옵션선택],"(￦559,000)"
"(수도권 전문기사 설치)[S급 리퍼] ★무상보증1년★1,2차 완판 주문폭주! 100대한정수량 초특가줄서기! 삼성전자 65인치 4K 크리스탈 UHD HDR 스마트TV","(￦749,000)"
삼성전자 UHD LED TV LH65BEAHLGFXKR 65인치 TV 4K 1등급 크리스탈 4K HDR10+ WiFi,"(￦1,049,000)"
대기업 삼성패널 중소기업 TV 32인치 40인치 43인치 50인치 55인치 65인치 75인치 86인치 LED IPTV  스탠드형 벽걸이 가능 방문설치,"(￦129,000)"
65UJ21 4K UHD 중소기업 3일완료출장AS 2년보증  / 게이밍 모니터 벽걸이 지원 tv,"(￦399,000)"
[전국무료 배송&설치] LG 4K 울트라HD TV 65UR642S0NC 스탠드&벽걸이형 초이스,"(￦1,083,840)"
★로그인시3%할인+카드혜택★[본사직영]23년형 더함 치크 65인치 (164cm) 구글 안드로이드 스마트TV UA651UHD,"(￦549,000)"
연말 중소기업TV 연합전,"(￦259,000)"
23년형 안드로이드11 LG IPS패널 165cm 4K UHD TV T65GFUKU02LA,"(￦549,000)"
J65PE UHD 4K TV 65인치,"(￦459,000)"
2023년형 신제품 8년AS보장 이스트라 65인치 AU653QLED 퀀텀닷 구글 안드로이드 스마트TV 가성비 중소기업TV,"(￦649,000)"
★로그인시3%할인+카드혜택★2023년 신형! 4K UHD TV 더함 65인치(165cm) 치크 UA651UHD 구글 안드로이드  스마트 TV,"(￦549,000)"
"164cm UHDTV UGM652 와글와글 플러스 (65인치, 2023년형 구글 스마트TV, 무상AS 3년, 무결점보증)","(￦499,000)"
2023년형 신제품 8년AS보장 이스트라 65인치 AN653UHD 구글 안드로이드 스마트TV 가성비 중소기업TV,"(￦559,000)"
"(지방 전문기사 설치)[S급 리퍼] ★무상보증1년★1,2차 완판 주문폭주! 100대한정수량 초특가줄서기! 삼성전자 65인치 4K 크리스탈 UHD HDR 스마트TV","(￦769,000)"
★로그인시3%할인+카드혜택★23년 신형! 4K UHD TV 더함 65인치(165cm) 치크 UA651QLED 구글 안드로이드  스마트 TV,"(￦639,000)"
★로그인시3%할인+카드혜택★2023년 신형! 4K UHD TV 더함 65인치(165cm) 치크 UA651QLED 구글 안드로이드  스마트 TV,"(￦639,000)"
★카드혜택★ [23년형] 프리즘 바이런 75인치 4K HDR 베젤리스TV 패널2년보증 /BR750UD[설치옵션선택],"(￦659,000)"
164cm UHDTV ZEN U650 UHDTV MAX HDR (65인치 TV),"(￦459,599)"
POL65U 65인치 165cm UHD TV / 전문기사 무상설치 / 초대형 4K 게이밍모니터TV / 중소기업 벽걸이 가능 / 에너지효율 1등급,"(￦509,000)"
[전국무료 배송&설치] LG 4K 울트라HD TV 65UR642S0NC  스위블 벽걸이형 초이스,"(￦1,083,936)"
삼성전자 비즈니스TV LH65BEAHLGFXKR 163cm 4K UHD 1등급 WiFi,"(￦1,049,000)"
대기업 삼성패널 중소기업 스마트 TV 32인치 40인치 43인치 50인치 55인치 65인치 75인치 넷플릭스 유튜브 IPTV WIFI 무선 티비,"(￦199,000)"
필립스 65PUN7645 165cm 65인치 4K UHD LED TV 베젤리스 벽걸이 겸용 대형 티비 2년보증 스탠드 자가설치,"(￦569,000)"
★카드혜택★ [23년형]프리즘 바이런 65인치 4K HDR 베젤리스TV 무결점 패널 2년 보증 / BR650UHD [물류배송_자가설치],"(￦429,000)"
65UJ21 4K UHD 중소기업 3일완료출장AS 2년보증  / 게이밍 모니터 벽걸이 지원 tv_U,"(￦476,670)"
★카드혜택★ [23년형] 프리즘 바이런 75인치 4K HDR 베젤리스TV 패널2년보증 /BR750UD[기본 기사방문 스탠드설치],"(￦669,000)"
삼성전자 QLED TV KQ55QA65AFXKR 4K 138cm(55) 신형,"(￦1,090,000)"
★카드혜택★[23년형]프리즘 바이런 65인치 4K HDR 베젤리스TV 무결점 패널 2년 보증 / BR650UHD [스탠드 설치옵션],"(￦459,000)"
삼성전자/ KQ65QB80AFXKR/ 일렉/ 65인치 TV,"(￦1,775,170)"
LH65BEAHLGFXKR UHD 4K LED 비지니스TV 163.9cm (65) 사이니지TV 삼성TV 삼성티비 65인치,"(￦1,049,000)"
전국무료배송 삼성50인치형 UHD TV  KQ50QA65AFXKR 스탠드형..,"(￦823,200)"
LG전자 65인치  올레드 TV OLED65B2VNA 벽걸이_E마켓,"(￦2,290,000)"
★로그인시3%할인+카드혜택★[본사직영] 리얼 120Hz 더함 퀀텀닷 65인치 (164cm) 안드로이드 스마트 게이밍 TV UG651QLED,"(￦1,099,000)"
QLED TV 평면 스탠드형 KQ50QA65AFXKR 초이스,"(￦818,880)"
Ai65P 165cm(65인치) 4K UHD 에너지1등급 안드로이드 스마트TV 2년보증 업계유일 3일완료 출장AS!!/  벽걸이 지원 미러링 tv,"(￦519,000)"
[20%할인]23년형 더함 치크 65인치 (164cm) 구글 안드로이드 스마트 TV UA651UHD,"(￦565,000)"
[여주점] [사운드바 무료증정] 필립스65PUN7986165cm(65인치) 4K UHD 안드로이드 스마트TV 2년보증 돌비비전 돌비애트모스 HDR10 크롬캐스트 미러링 지원 베젤리스,"(￦699,000)"
비즈니스 TV LH65BEA 65인치 크리스탈 4K UHD 1등급 WiFi,"(￦1,049,000)"
삼성전자 QLED TV KQ65QA65AFXKR 163cm (65) 4K HDR,"(￦1,569,000)"
50인치형 UHD TV  KQ50QA65AFXKR 스탠드형 전국무료배송설치..,"(￦827,904)"
벽걸이 TV 상하좌우 브라켓 각도조절 풀모션 월마운트 거치대 WMA86-221L 65인치 70인치 75인치 85인치 98인치 호환,"(￦67,400)"
LG전자 65인치  올레드 TV OLED65B2VNA스탠드_E마켓,"(￦2,290,000)"
★로그인시3%할인+카드혜택★23년 신형! 4K UHD TV 더함 65인치(165cm) 치크 UA651UHD 구글 안드로이드  스마트 TV,"(￦549,000)"
65인치  4K UHD TV  JD651GUN-G  구글 스마트TV 블루투스 WiFi HDR10 LG IPS 1등급_ 스탠드설치,"(￦599,300)"
삼성전자 QLED TV 138cm(55) KQ55QA65AFXKR 4K 신형,"(￦1,090,000)"
이젤형티비거치대 40~65인치티비거치대 TV스탠드 KES시리즈,"(￦55,000)"
이노스 65인치 23년형 LG패널 G65 QLED ZERO EDITION 구글 OS 스마트 TV 5년무상 AS,"(￦909,000)"
[S급 리퍼] 수도권/지방 방문설치 LG전자 65인치 4K UHD HDR 스마트 TV/로컬변경완료,"(￦919,000)"
★카드할인★ 프리즘 바이런 65인치 4K 구글 안드로이드11 스마트TV / ABC65G[물류배송_자가설치],"(￦549,000)"
{삼성} 삼성전자 QLED 4K TV KQ50QA65AFXKR 본사직배,"(￦899,000)"
필립스 65PUN7986 165cm(65인치) 4K UHD 안드로이드 스마트TV  2년보증 돌비애트모스 HDR10 크롬캐스트 미러링 지원 베젤리스_P,"(￦718,000)"
★로그인시3%할인+카드혜택★더함 65인치 안드로이드 OS10 우버 GEAR UG651QLED 65인치 IPS 퀀텀닷 120Hz 스마트 TV,"(￦1,099,000)"
이동형 TV 스탠드 거치대 MS94-231L 55인치 58인치 60인치 65인치 70인치 75인치 78인치 85인치 86인치 98인치,"(￦154,900)"
"164CM UHDTV QGM652 QLED 와글와글 플러스 (65인치, 2023년형 구글 스마트TV, 무상AS 3년, 무결점보증)","(￦728,999)"
★로그인시3%할인+카드혜택★23년 신형! 4K UHD TV 더함 65인치(165cm) 치크 UA651UHD 구글 안드로이드  스마트TV,"(￦549,000)"
[리퍼] LG 65인치 4K UHD TV 65UP8000 스마트 티비 리퍼,"(￦891,840)"
삼성전자 QLED TV KQ85QA65AFXKR 214cm(85) 스탠드형,"(￦3,125,000)"
삼성전자 QLED 4K TV KQ75QA65AFXKR 189cm 1등급 스탠드형,"(￦2,085,500)"
TV스탠드 37-75인치 티비거치대 삼성 LG 호환 브라켓 KS-6,"(￦99,000)"
QLED TV 각도조절 벽걸이형 KQ50QA65AFXKR 초이스,"(￦944,640)"
삼성전자 UHD 4K TV 163cm (65) KU65UA8070FXKR 스탠드형 전국무료배송,"(￦1,210,000)"
[여주점] 필립스 65PUN7645 165cm 65인치 4K UHD LED TV 베젤리스 벽걸이 겸용 대형 티비 2년보증 스탠드 자가설치,"(￦599,000)"
[리퍼] LG전자 올레드 OLED65CX 65인치 4k uhd 스마트tv 스탠드 벽걸이 설치가능 로컬변경완료 미사용,"(￦2,111,000)"
[리퍼] 삼성전자 65TU7000 65인치 4K 크리스탈 UHD LED 스마트TV 로컬변경완료 미사용 리퍼TV,"(￦782,000)"
삼성전자 삼성 비즈니스TV LH65BEA 65인치 크리스탈 4K UHD 1등급 WiFi,"(￦999,000)"
[무료 설치/배송] 삼성전자 55인치 UHD TV KQ55QA65AFXKR,"(￦1,300,704)"
65인치 UHD 솔로앤 안드로이드TV T6505TUA,"(￦739,000)"
"164cm UHDTV WM 650 QLED UHD 스마트TV AI 와글와글 (65인치, 스마트TV)","(￦699,001)"
★카드혜택★ [23년형] 프리즘 바이런 75인치 4K HDR 베젤리스TV 패널2년보증 /BR750UD[기본 기사방문 벽걸이설치],"(￦779,000)"
아이리버 65인치 구글 안드로이드 4K UHD TV 무결점 패널 ITV-MA6511,"(￦719,000)"
